[
  {
    "player1": "Brazil",
    "abbr1": "br",
    "score1": "1 (3)",
    "player2": "Chile",
    "abbr2": "cl",
    "score2": "1 (2)",
    "description": "round of 16",
    "start": "2014-06-28 13:00"
  },
  {
    "player1": "Colombia",
    "abbr1": "co",
    "score1": 2,
    "player2": "Uruguay",
    "abbr2": "uy",
    "score2": 0,
    "description": "round of 16",
    "start": "2014-06-28 17:00"
  },
  {
    "player1": "Netherlands",
    "abbr1": "nl",
    "score1": 2,
    "player2": "Mexico",
    "abbr2": "mx",
    "score2": 1,
    "description": "round of 16",
    "start": "2014-06-29 13:00"
  },
  {
    "player1": "Costa Rica",
    "abbr1": "cr",
    "score1": "1 (5)",
    "player2": "Greece",
    "abbr2": "gr",
    "score2": "1 (3)",
    "description": "round of 16",
    "start": "2014-06-29 17:00"
  },
  {
    "player1": "France",
    "abbr1": "fr",
    "score1": 2,
    "player2": "Nigeria",
    "abbr2": "ng",
    "score2": 0,
    "description": "round of 16",
    "start": "2014-06-30 13:00"
  },
  {
    "player1": "Germany",
    "abbr1": "de",
    "score1": 2,
    "player2": "Algeria",
    "abbr2": "dz",
    "score2": 1,
    "description": "round of 16",
    "start": "2014-06-30 17:00"
  },
  {
    "player1": "Argentina",
    "abbr1": "ar",
    "score1": 1,
    "player2": "Switzerland",
    "abbr2": "ch",
    "score2": 0,
    "description": "round of 16",
    "start": "2014-07-01 13:00"
  },
  {
    "player1": "Belgium",
    "abbr1": "be",
    "score1": 2,
    "player2": "USA",
    "abbr2": "us",
    "score2": 1,
    "description": "round of 16",
    "start": "2014-07-01 17:00"
  },
  {
    "player1": "France",
    "abbr1": "fr",
    "score1": 0,
    "player2": "Germany",
    "abbr2": "de",
    "score2": 1,
    "description": "quarter-finals",
    "start": "2014-07-04 13:00"
  },
  {
    "player1": "Brazil",
    "abbr1": "br",
    "score1": 2,
    "player2": "Colombia",
    "abbr2": "co",
    "score2": 1,
    "description": "quarter-finals",
    "start": "2014-07-04 17:00"
  },
  {
    "player1": "Argentina",
    "abbr1": "ar",
    "score1": 1,
    "player2": "Belgium",
    "abbr2": "be",
    "score2": 0,
    "description": "quarter-finals",
    "start": "2014-07-05 13:00"
  },
  {
    "player1": "Netherlands",
    "abbr1": "nl",
    "score1": "0 (4)",
    "player2": "Costa Rica",
    "abbr2": "cr",
    "score2": "0 (3)",
    "description": "quarter-finals",
    "start": "2014-07-05 17:00"
  },
  {
    "player1": "Brazil",
    "abbr1": "br",
    "score1": 1,
    "player2": "Germany",
    "abbr2": "de",
    "score2": 7,
    "description": "semi-finals",
    "start": "2014-07-08 17:00"
  },
  {
    "player1": "Netherlands",
    "abbr1": "nl",
    "score1": "0 (2)",
    "player2": "Argentina",
    "abbr2": "ar",
    "score2": "0 (4)",
    "description": "semi-finals",
    "start": "2014-07-09 17:00"
  },
  {
    "player1": "Germany",
    "score1": 1,
    "abbr1": "de",
    "player2": "Argentina",
    "abbr2": "ar",
    "score2": 0,
    "description": "final",
    "start": "2014-07-13 16:00"
  }
]